-- phpMyAdmin SQL Dump
-- version 5.0.2
-- https://www.phpmyadmin.net/
--
-- Host: 127.0.0.1
-- Generation Time: Aug 23, 2021 at 07:22 AM
-- Server version: 10.4.11-MariaDB
-- PHP Version: 7.4.6

SET SQL_MODE = "NO_AUTO_VALUE_ON_ZERO";
START TRANSACTION;
SET time_zone = "+00:00";


/*!40101 SET @OLD_CHARACTER_SET_CLIENT=@@CHARACTER_SET_CLIENT */;
/*!40101 SET @OLD_CHARACTER_SET_RESULTS=@@CHARACTER_SET_RESULTS */;
/*!40101 SET @OLD_COLLATION_CONNECTION=@@COLLATION_CONNECTION */;
/*!40101 SET NAMES utf8mb4 */;

--
-- Database: `pdp`
--

-- --------------------------------------------------------

--
-- Table structure for table `data_penduduk`
--

CREATE TABLE `data_penduduk` (
  `id` int(11) NOT NULL,
  `no_kk` varchar(225) NOT NULL,
  `no_nik` varchar(225) DEFAULT NULL,
  `nama` varchar(225) NOT NULL,
  `tempat_tgl_lahir` varchar(225) NOT NULL,
  `tgl_lahir` varchar(225) NOT NULL,
  `jenis_kelamin` varchar(15) NOT NULL,
  `alamat` varchar(225) NOT NULL,
  `pekerjaan` varchar(50) NOT NULL,
  `status_keluarga` varchar(225) NOT NULL,
  `status` varchar(50) DEFAULT NULL,
  `penyakit` varchar(225) DEFAULT NULL,
  `status_penduduk` varchar(225) DEFAULT NULL,
  `tgl_masuk` varchar(225) NOT NULL
) ENGINE=InnoDB DEFAULT CHARSET=utf8mb4;

--
-- Dumping data for table `data_penduduk`
--

INSERT INTO `data_penduduk` (`id`, `no_kk`, `no_nik`, `nama`, `tempat_tgl_lahir`, `tgl_lahir`, `jenis_kelamin`, `alamat`, `pekerjaan`, `status_keluarga`, `status`, `penyakit`, `status_penduduk`, `tgl_masuk`) VALUES
(2, '1707102910121234', '1707112910121234', 'ADHI EFRIANTO', 'BENTANGUR', '1982-01-02', 'LAKI-LAKI', 'TALANG BUNUT', 'PETANI', 'KEPALA KELUARGA', 'HIDUP', NULL, NULL, '2021-08-10'),
(3, '1707102910121234', '1707115309771234', 'HASNI WATI', 'TALANG BUNUT', '1977-09-13', 'PEREMPUAN', 'TALANG BUNUT', 'PETANI', 'IBU', 'HIDUP', NULL, NULL, '2021-08-10'),
(4, '1707102910121234', '1707116601081234', 'SONA JIANTARI', 'TALANG BUNUT', '2008-01-01', 'PEREMPUAN', 'TALANG BUNUT', 'BERSEKOLAH', 'ANAK', 'HIDUP', NULL, NULL, '2021-08-10'),
(5, '1707112212161234', '1707111907711234', 'MUNAWAR EZANI', 'TALANG BUNUT', '1976-07-09', 'LAKI-LAKI', 'TALANG BUNUT', 'KARYAWAN TETAP', 'KEPALA KELUARGA', 'HIDUP', NULL, NULL, '2021-08-10'),
(6, '1707011110071234', '1707112501431234', 'HARTMAN', 'LEBONG DONOK', '1943-01-25', 'LAKI-LAKI', 'TALANG BUNUT', 'PETANI', 'KEPALA KELUARGA', 'HIDUP', NULL, NULL, '2021-08-10'),
(7, '1707102510121234', '1707111412821234', 'JAYA MANGKU ALAM', 'TENGAH PADANG', '1982-12-14', 'LAKI-LAKI', 'TALANG BUNUT', 'PETANI', 'KEPALA KELUARGA', 'SUDAH PINDAH', NULL, 'SUDAH PINDAH', '2021-08-23'),
(8, '1707102510121234', '1707016309821234', 'FUTRI UTAMA', 'TALANG BUNUT', '1982-09-23', 'PEREMPUAN', 'TALANG BUNUT', 'WIRASWASTA', 'IBU', 'HIDUP', NULL, NULL, '2021-08-10'),
(9, '1707102510121234', '1707101612111234', 'MUHAMMAD ZHIQRI', 'CURUP', '2011-12-16', 'LAKI-LAKI', 'TALANG BUNUT', 'BERSEKOLAH', 'ANAK', 'HIDUP', NULL, NULL, '2021-08-10'),
(10, '1707111910125678', '1707110303675678', 'ANSORI', 'TABA SEBRANG', '1967-03-03', 'LAKI-LAKI', 'TALANG BUNUT', 'PETANI', 'KEPALA KELUARGA', 'HIDUP', NULL, NULL, '2021-08-10'),
(11, '1707111910125678', '1707114508755678', 'SANTI', 'TALANG BUNUT', '1975-08-05', 'PEREMPUAN', 'TALANG BUNUT', 'PETANI', 'IBU', 'MENINGGAL', 'KECELAKAAN', NULL, '2021-08-23'),
(12, '1707111910125678', '1707115007115678', 'MEGA HASYIM', 'TALANG BUNUT', '2004-07-10', 'PEREMPUAN', 'TALANG BUNUT', 'BERSEKOLAH', 'ANAK', 'HIDUP', NULL, NULL, '2021-08-10'),
(13, '1707111910125678', '1707116907095678', 'MERTHA ANUGRA', 'PANGKALAN', '2009-07-27', 'PEREMPUAN', 'TALANG BUNUT', 'BERSEKOLAH', 'ANAK', 'HIDUP', NULL, NULL, '2021-08-10'),
(14, '1707111910125678', '1707111412165678', 'BIMA LEKSANA BAKTI', 'LEBONG', '2016-12-14', 'LAKI-LAKI', 'TALANG BUNUT', 'BERSEKOLAH', 'ANAK', 'HIDUP', NULL, NULL, '2021-08-10'),
(15, '1707102906165678', '1707100507730321', 'ZULAN DAHERI', 'TABA SEBRANG', '1973-07-05', 'LAKI-LAKI', 'TALANG BUNUT', 'PETANI', 'KEPALA KELUARGA', 'HIDUP', NULL, NULL, '2021-08-10'),
(16, '1707102906165678', '1707011312164321', 'ERLENA', 'TALANG BUNUT', '1976-12-13', 'PEREMPUAN', 'TALANG BUNUT', 'PETANI', 'IBU', 'HIDUP', NULL, NULL, '2021-08-10'),
(17, '1707102906165678', '1707012004964321', 'REVO AFRIO', 'TALANG BUNUT', '1996-04-20', 'LAKI-LAKI', 'TALANG BUNUT', 'WIRASWASTA', 'ANAK', 'HIDUP', NULL, NULL, '2021-08-10'),
(18, '1707102906165678', '1707012207034321', 'M. SANUSI', 'TALANG BUNUT', '2003-07-22', 'LAKI-LAKI', 'TALANG BUNUT', 'BERSEKOLAH', 'ANAK', 'HIDUP', NULL, NULL, '2021-08-10'),
(19, '1707101217168765', '1707102712878765', 'WAWAN ANRONI', 'TALANG BUNUT', '1987-12-27', 'LAKI-LAKI', 'TALANG BUNUT', 'PETANI', 'KEPALA KELUARGA', 'HIDUP', NULL, NULL, '2021-08-10'),
(20, '1707101217168765', '1707045111948765', 'SISKA WENI', 'TURAN LALANG', '1994-11-11', 'PEREMPUAN', 'TALANG BUNUT', 'PETANI', 'IBU', 'HIDUP', NULL, NULL, '2021-08-10'),
(21, '1707101217168765', '', 'NAUVAL ABIYU FRATAMA', 'REJANG LEBONG', '2016-10-04', 'LAKI-LAKI', 'TALANG BUNUT', 'BERSEKOLAH', 'ANAK', 'HIDUP', NULL, NULL, '2021-08-10'),
(22, '1707102307133456', '1707010138803456', 'REBI SUDI', 'TALANG BUNUT', '1988-03-01', 'LAKI-LAKI', 'TALANG BUNUT', 'PETANI', 'KEPALA KELUARGA', 'HIDUP', NULL, NULL, '2021-08-10'),
(23, '1707102307133456', '1707104805913456', 'MEGA MUSTIKA', 'TALANG BUNUT', '1991-05-08', 'PEREMPUAN', 'TALANG BUNUT', 'PETANI', 'IBU', 'HIDUP', NULL, NULL, '2021-08-10'),
(24, '1707102307133456', '', 'MARPEL MEBIOKA', 'TALANG BUNUT', '2012-05-05', 'LAKI-LAKI', 'TALANG BUNUT', 'BERSEKOLAH', 'ANAK', 'HIDUP', NULL, NULL, '2021-08-10'),
(25, '1707102307133456', '', 'MAMEL GEA MEBIOZA', 'TALANG BUNUT', '2019-07-29', 'PEREMPUAN', 'TALANG BUNUT', 'BELUM BERSEKOLAH', 'ANAK', 'HIDUP', NULL, NULL, '2021-08-10'),
(26, '1707010110079876', '1707104705499876', 'SAYYANA', 'TALANG BUNUT', '1949-05-07', 'PEREMPUAN', 'TALANG BUNUT', 'PETANI', 'KEPALA KELUARGA', 'HIDUP', NULL, NULL, '2021-08-10'),
(27, '1707101106134567', '1707011104854567', 'EDUAR', 'TALANG BUNUT', '1985-04-11', 'LAKI-LAKI', 'TALANG BUNUT', 'PETANI', 'KEPALA KELUARGA', 'HIDUP', NULL, NULL, '2021-08-10'),
(28, '1707101106134567', '1707055508884567', 'PUTRI SURYANTI', 'TAPUS', '1988-08-15', 'PEREMPUAN', 'TALANG BUNUT', 'PETANI', 'IBU', 'HIDUP', NULL, NULL, '2021-08-10'),
(29, '1707101106134567', '1707101909104567', 'DENIS ADE BAROKAH', 'LEBONG', '2010-08-19', 'LAKI-LAKI', 'TALANG BUNUT', 'BERSEKOLAH', 'ANAK', 'HIDUP', NULL, NULL, '2021-08-10'),
(30, '1707100109201234', '1707100808411234', 'MARZUKI ', 'BENTANGUR', '1941-08-08', 'LAKI-LAKI', 'TALANG BUNUT', 'PETANI', 'KEPALA KELUARGA', 'HIDUP', NULL, NULL, '2021-08-10'),
(32, '1707110167356789', '1707100107591234', 'SUDIRMAN', 'TALANG BUNUT', '1976-03-07', 'LAKI-LAKI', 'TALANG BUNUT', 'PETANI', 'KEPALA KELUARGA', 'HIDUP', NULL, NULL, '2021-08-10'),
(33, '1707110167356789', '1707014107451234', 'ROSDA WATI', 'KOTA AGUNG', '1965-07-01', 'PEREMPUAN', 'TALANG BUNUT', 'PETANI', 'IBU', 'HIDUP', NULL, NULL, '2021-08-10'),
(34, '1707010210071234', '1707010107491234', 'RAHAMAN', 'TALANG BUNUT', '1949-07-01', 'LAKI-LAKI', 'TALANG BUNUT', 'PETANI', 'KEPALA KELUARGA', 'HIDUP', NULL, NULL, '2021-08-10'),
(35, '1707010210071234', '1707102804011234', 'DICKY ADITIO', 'TALANG BUNUT', '2001-04-28', 'LAKI-LAKI', 'TALANG BUNUT', 'WIRASWASTA', 'ANAK', 'HIDUP', NULL, NULL, '2021-08-10'),
(36, '1707101608132345', '1707701010782345', 'IRYANSYAH', 'TALANG ULU', '1989-07-01', 'LAKI-LAKI', 'TALANG BUNUT', 'PETANI', 'KEPALA KELUARGA', 'HIDUP', NULL, NULL, '2021-08-10'),
(37, '1707101608132345', '1707014807952345', 'LILIS ARSIKA', 'TALANG BUNUT', '1995-06-08', 'PEREMPUAN', 'TALANG BUNUT', 'PETANI', 'IBU', 'HIDUP', NULL, NULL, '2021-08-10'),
(38, '1707101608132345', '1707101608131234', 'BILLY AGUSTIAN', 'CURUP', '2013-08-16', 'LAKI-LAKI', 'TALANG BUNUT', 'BERSEKOLAH', 'ANAK', 'HIDUP', NULL, NULL, '2021-08-10'),
(39, '1707101210212345', '1707100510867891', 'WAWAN SAPUTRA', 'MUARA KETAYU', '1995-08-05', 'LAKI-LAKI', 'TALANG BUNUT', 'PETANI', 'KEPALA KELUARGA', 'HIDUP', NULL, NULL, '2021-08-10'),
(40, '1707101210212345', '1707013103983456', 'PUJI WAHYU NITA', 'TALANG BUNUT', '1998-03-31', 'PEREMPUAN', 'TALANG BUNUT', 'PETANI', 'IBU', 'HIDUP', NULL, NULL, '2021-08-10'),
(41, '1707101210212345', '', 'AZZAM AULIAN PUTRA', 'TALANG BUNUT', '2021-03-31', 'LAKI-LAKI', 'TALANG BUNUT', 'BELUM BERSEKOLAH', 'ANAK', 'HIDUP', NULL, NULL, '2021-08-10'),
(43, '1707010110074567', '1707014107693673', 'ASMARA DEWI', 'MUARA KETAYU', '1972-07-06', 'PEREMPUAN', 'TALANG BUNUT', 'PETANI', 'IBU', 'HIDUP', NULL, NULL, '2021-08-10'),
(44, '1707101304153456', '1707105206583647', 'RAHIMA', 'GARUT', '1958-06-12', 'PEREMPUAN', 'TALANG BUNUT', 'PETANI', 'KEPALA KELUARGA', 'HIDUP', NULL, NULL, '2021-08-10'),
(45, '1707010205146478', '1707011212798484', 'ANSORI', 'MUARA KETAYU', '1979-12-12', 'LAKI-LAKI', 'TALANG BUNUT', 'PETANI', 'KEPALA KELUARGA', 'HIDUP', NULL, NULL, '2021-08-10'),
(46, '1707010205146478', '1707105103936738', 'PETI LESTARI', 'TALANG BUNUT', '1994-03-10', 'PEREMPUAN', 'TALANG BUNUT', 'PETANI', 'IBU', 'HIDUP', NULL, NULL, '2021-08-10'),
(47, '1707010205146478', '1707010305136474', 'PINDO PUTRADO', 'TALANG BUNUT', '2013-05-03', 'LAKI-LAKI', 'TALANG BUNUT', 'BERSEKOLAH', 'ANAK', 'HIDUP', NULL, NULL, '2021-08-10'),
(48, '1707010205146478', '1707012908166474', 'PAJAR DIRGANTAR', 'TALANG BUNUT', '2016-08-29', 'LAKI-LAKI', 'TALANG BUNUT', 'BERSEKOLAH', 'ANAK', 'HIDUP', NULL, NULL, '2021-08-10'),
(49, '1707101403120647', '1707100908748594', 'SAPUAN MUJAIL', 'TUNGGANG', '1974-08-09', 'LAKI-LAKI', 'TALANG BUNUT', 'PETANI', 'KEPALA KELUARGA', 'HIDUP', NULL, NULL, '2021-08-10'),
(50, '1707101403120647', '1707104803774464', 'JULITA SAHARA', 'TALANG BUNUT', '1977-03-08', 'PEREMPUAN', 'TALANG BUNUT', 'PETANI', 'IBU', 'HIDUP', NULL, NULL, '2021-08-10'),
(51, '1707101403120647', '1707105305997589', 'FEZI KAHARA', 'TALANG BUNUT', '1999-05-13', 'PEREMPUAN', 'TALANG BUNUT', 'WIRASWASTA', 'ANAK', 'HIDUP', NULL, NULL, '2021-08-10'),
(52, '1707101403120647', '1707104703056474', 'NESTI NESIKA', 'TALANG BUNUT', '2005-03-07', 'PEREMPUAN', 'TALANG BUNUT', 'BERSEKOLAH', 'ANAK', 'HIDUP', NULL, NULL, '2021-08-10'),
(53, '1707100510174567', '1707104108764567', 'EKA LISTIVA', 'SUNGAI GERONG', '1976-08-01', 'PEREMPUAN', 'SUNGAI GERONG', 'PETANI', 'KEPALA KELUARGA', 'HIDUP', NULL, NULL, '2021-08-11'),
(54, '1707100510174567', '1707013006023456', 'ADEKO REVALDI', 'SUNGAI GERONG', '2002-06-30', 'LAKI-LAKI', 'SUNGAI GERONG', 'BERSEKOLAH', 'ANAK', 'HIDUP', NULL, NULL, '2021-08-11'),
(55, '1707100510174567', '1707104201102345', 'BINTANG ADESKA', 'SUNGAI GERONG', '2010-10-02', 'PEREMPUAN', 'SUNGAI GERONG', 'BERSEKOLAH', 'ANAK', 'HIDUP', NULL, NULL, '2021-08-11'),
(56, '1707100011906789', '1707091910901234', 'RIO AGUS PRATAMA', 'BENGKULU UTARA', '1990-03-25', 'LAKI-LAKI', 'SUNGAI GERONG', 'PNS', 'KEPALA KELUARGA', 'HIDUP', NULL, NULL, '2021-08-11'),
(57, '1707100011906789', '1707024311943456', 'LUSI ARDILA', 'TABA BARU', '1994-11-03', 'PEREMPUAN', 'SUNGAI GERONG', 'PNS', 'IBU', 'HIDUP', NULL, NULL, '2021-08-11'),
(58, '1707100011906789', '1707104506199878', 'ALZHEA ALIFFIA', 'LEBONG', '2019-06-05', 'PEREMPUAN', 'SUNGAI GERONG', 'BELUM BERSEKOLAH', 'ANAK', 'HIDUP', NULL, NULL, '2021-08-11'),
(59, '1707010210076578', '1707100811596574', 'ZAKARIA', 'SUNGAI GERONG', '1959-11-08', 'LAKI-LAKI', 'SUNGAI GERONG', 'PETANI', 'KEPALA KELUARGA', 'HIDUP', NULL, NULL, '2021-08-11'),
(60, '1707010210076578', '1707104506602315', 'CINDRAWATI', 'SUNGAI GERONG', '1960-06-05', 'PEREMPUAN', 'SUNGAI GERONG', 'PETANI', 'IBU', 'HIDUP', NULL, NULL, '2021-08-11'),
(61, '1707103006147689', '1707100107605376', 'MUKTI', 'SUNGAI GERONG', '1960-06-05', 'LAKI-LAKI', 'SUNGAI GERONG', 'PETANI', 'KEPALA KELUARGA', 'HIDUP', NULL, NULL, '2021-08-11'),
(62, '1707103006147689', '1707104107678796', 'SALMA', 'TALANG BUNUT', '1967-07-01', 'PEREMPUAN', 'SUNGAI GERONG', 'PETANI', 'IBU', 'HIDUP', NULL, NULL, '2021-08-11'),
(63, '1707013009073254', '1707101808678698', 'ZAHIRUL LANI', 'SUNGAI GERONG', '1967-08-18', 'LAKI-LAKI', 'SUNGAI GERONG', 'PETANI', 'KEPALA KELUARGA', 'HIDUP', NULL, NULL, '2021-08-11'),
(64, '1707013009073254', '1707104506708697', 'YUSNA', 'TALANG BUNUT', '1970-04-02', 'PEREMPUAN', 'SUNGAI GERONG', 'PETANI', 'IBU', 'HIDUP', NULL, NULL, '2021-08-11'),
(65, '1707013009073254', '1707106711980897', 'ZITA', 'SUNGAI GERONG', '1998-11-27', 'PEREMPUAN', 'SUNGAI GERONG', 'WIRASWASTA', 'ANAK', 'HIDUP', NULL, NULL, '2021-08-11'),
(66, '1707013009073254', '1707100506013245', 'BAHTIAR ZULIANTO', 'SUNGAI GERONG', '2001-06-05', 'LAKI-LAKI', 'SUNGAI GERONG', 'BERSEKOLAH', 'ANAK', 'HIDUP', NULL, NULL, '2021-08-11'),
(67, '1707013009073254', '1707104302097689', 'ZEVI RIANI ', 'SUNGAI GERONG', '2009-02-03', 'PEREMPUAN', 'SUNGAI GERONG', 'BERSEKOLAH', 'ANAK', 'HIDUP', NULL, NULL, '2021-08-11'),
(68, '1707010110076486', '1707010107634267', 'KENEDI', 'SUNGAI GERONG', '1963-07-01', 'LAKI-LAKI', 'SUNGAI GERONG', 'PETANI', 'KEPALA KELUARGA', 'HIDUP', NULL, NULL, '2021-08-11'),
(69, '1707010110076486', '1707014107647698', 'LINDA ERYANI', 'TALANG BUNUT', '1964-07-01', 'PEREMPUAN', 'SUNGAI GERONG', 'PETANI', 'IBU', 'HIDUP', NULL, NULL, '2021-08-11'),
(70, '1707010110076486', '1707012904939872', 'ANDRI SUPRIYADI', 'SUNGAI GERONG', '1993-04-29', 'LAKI-LAKI', 'SUNGAI GERONG', 'WIRASWASTA', 'ANAK', 'HIDUP', NULL, NULL, '2021-08-11'),
(71, '1707012809077689', '1707010107573286', 'RABIIN', 'TALANG ULU', '1957-07-01', 'LAKI-LAKI', 'SUNGAI GERONG', 'PETANI', 'KEPALA KELUARGA', 'HIDUP', NULL, NULL, '2021-08-11'),
(72, '1707012809077689', '1707014107589678', 'ASBA', 'TALANG BUNUT', '1958-07-01', 'PEREMPUAN', 'SUNGAI GERONG', 'PETANI', 'IBU', 'HIDUP', NULL, NULL, '2021-08-11'),
(73, '1707101308156476', '1707010108946578', 'ADEKO EDO', 'TALANG BUNUT', '1994-08-01', 'LAKI-LAKI', 'SUNGAI GERONG', 'WIRASWASTA', 'KEPALA KELUARGA', 'HIDUP', NULL, NULL, '2021-08-11'),
(74, '1707101308156476', '1707014703948675', 'NOVI NAVERA SARI', 'MUARA KETAYU', '1994-03-07', 'PEREMPUAN', 'SUNGAI GERONG', 'WIRASWASTA', 'IBU', 'HIDUP', NULL, NULL, '2021-08-11'),
(75, '1707101308156476', '1707100905128967', 'VIDO ADE NOVRI', 'SUNGAI GERONG', '2012-05-09', 'LAKI-LAKI', 'SUNGAI GERONG', 'BERSEKOLAH', 'ANAK', 'HIDUP', NULL, NULL, '2021-08-11'),
(76, '1707101308156476', '1707102702174356', 'NOVRIAN VIDES', 'REJANG LEBONG', '2017-02-27', 'LAKI-LAKI', 'SUNGAI GERONG', 'BELUM BERSEKOLAH', 'ANAK', 'HIDUP', NULL, NULL, '2021-08-11'),
(77, '1707010540077567', '1707010801674352', 'M.HUDA', 'SUNGAI GERONG', '1967-01-08', 'LAKI-LAKI', 'SUNGAI GERONG', 'PETANI', 'KEPALA KELUARGA', 'HIDUP', NULL, NULL, '2021-08-11'),
(78, '1707010540077567', '1707104502737685', 'HINDA HUPIMA', 'SUNGAI GERONG', '1972-11-05', 'PEREMPUAN', 'SUNGAI GERONG', 'PETANI', 'IBU', 'HIDUP', NULL, NULL, '2021-08-11'),
(79, '1707010540077567', '1707014609961287', 'SHINTIYA SEPTIANA', 'SUNGAI GERONG', '1996-09-08', 'PEREMPUAN', 'SUNGAI GERONG', 'WIRASWASTA', 'ANAK', 'HIDUP', NULL, NULL, '2021-08-11'),
(80, '1707010540077567', '1707105012018675', 'DHIMAS KURNIAWAN', 'SUNGAI GERONG', '2001-12-10', 'LAKI-LAKI', 'SUNGAI GERONG', 'BERSEKOLAH', 'ANAK', 'HIDUP', NULL, NULL, '2021-08-11'),
(81, '1707110903128795', '1707110403854352', 'HADI RIANTO', 'TALANG BUNUT', '1985-03-04', 'LAKI-LAKI', 'SUNGAI GERONG', 'WIRASWASTA', 'KEPALA KELUARGA', 'HIDUP', NULL, NULL, '2021-08-11'),
(82, '1707110903128795', '1707115711889786', 'NUNUNG NURMAENAH', 'CIREBON', '1988-11-17', 'PEREMPUAN', 'SUNGAI GERONG', 'WIRASWASTA', 'IBU', 'HIDUP', NULL, NULL, '2021-08-11'),
(83, '1707110903128795', '1707111810108973', 'RAFA RADITYA PUTRA', 'SUNGAI GERONG', '2010-10-16', 'LAKI-LAKI', 'SUNGAI GERONG', 'BERSEKOLAH', 'ANAK', 'HIDUP', NULL, NULL, '2021-08-11'),
(84, '1707110903128795', '1707116901148967', 'RAVITA SYAQILA PUTRI', 'SUNGAI GERONG', '2014-01-29', 'PEREMPUAN', 'SUNGAI GERONG', 'BERSEKOLAH', 'ANAK', 'HIDUP', NULL, NULL, '2021-08-11'),
(85, '1707110903128795', '1707111409186354', 'RASYA ATHAYA PUTRA', 'LEBONG', '2018-09-14', 'LAKI-LAKI', 'SUNGAI GERONG', 'BELUM BERSEKOLAH', 'ANAK', 'HIDUP', NULL, NULL, '2021-08-11'),
(86, '1707031711167567', '1707102111944356', 'NOVE UMAMI', 'TALANG BUNUT', '1994-11-21', 'LAKI-LAKI', 'SUNGAI GERONG', 'PETANI', 'KEPALA KELUARGA', 'HIDUP', NULL, NULL, '2021-08-11'),
(87, '1707031711167567', '1707035905005467', 'SUSILA WATI', 'TANJUNG BUNGA', '2000-05-19', 'PEREMPUAN', 'SUNGAI GERONG', 'WIRASWASTA', 'IBU', 'HIDUP', NULL, NULL, '2021-08-11'),
(88, '1707031711167567', '1707031103177568', 'MIKEL WILIAM PRATAMA', 'LEBONG', '2017-03-11', 'LAKI-LAKI', 'SUNGAI GERONG', 'BERSEKOLAH', 'ANAK', 'HIDUP', NULL, NULL, '2021-08-11'),
(89, '1707013009072345', '1707102308728675', 'FAHROZI', 'TABA SEBRANG', '1972-08-23', 'LAKI-LAKI', 'SUNGAI GERONG', 'PETANI', 'KEPALA KELUARGA', 'HIDUP', NULL, NULL, '2021-08-11'),
(90, '1707013009072345', '1707015708788769', 'EMI PUTRI', 'TALANG BUNUT', '1979-08-17', 'PEREMPUAN', 'SUNGAI GERONG', 'PETANI', 'IBU', 'HIDUP', NULL, NULL, '2021-08-11'),
(91, '1707013009072345', '1707011209978675', 'FIO PRANATA', 'LEBONG', '1996-09-12', 'LAKI-LAKI', 'SUNGAI GERONG', 'MAHASISWA', 'ANAK', 'HIDUP', NULL, NULL, '2021-08-11'),
(92, '1707013009072345', '1707014404028678', 'ESA TIANSI PRASASNA', 'SUNGAI GERONG', '2002-04-04', 'PEREMPUAN', 'SUNGAI GERONG', 'BERSEKOLAH', 'ANAK', 'HIDUP', NULL, NULL, '2021-08-11'),
(93, '1707013009072345', '1707100711038675', 'ANDRE FAHROZI', 'SUNGAI GERONG', '2003-11-07', 'LAKI-LAKI', 'SUNGAI GERONG', 'BERSEKOLAH', 'ANAK', 'HIDUP', NULL, NULL, '2021-08-11'),
(94, '1707100104178678', '1707101707882435', 'ANDIKA DEFRENDIS', 'MUARA AMAN', '1988-07-17', 'LAKI-LAKI', 'SUNGAI GERONG', 'WIRASWASTA', 'KEPALA KELUARGA', 'HIDUP', NULL, NULL, '2021-08-11'),
(95, '1707100104178678', '1707105010918675', 'RETI ZAHARA', 'TALANG BUNUT', '1991-10-10', 'PEREMPUAN', 'SUNGAI GERONG', 'WIRASWASTA', 'IBU', 'HIDUP', NULL, NULL, '2021-08-11'),
(96, '1707100104178678', '1707105706178675', 'RAYSA RAMADHANI', 'CURUP', '2017-06-17', 'PEREMPUAN', 'SUNGAI GERONG', 'BELUM BERSEKOLAH', 'ANAK', 'HIDUP', NULL, NULL, '2021-08-11'),
(97, '1707013009076453', '1707012508688675', 'BARDIN', 'TALANG BUNUT', '1968-08-25', 'LAKI-LAKI', 'SUNGAI GERONG', 'PETANI', 'KEPALA KELUARGA', 'HIDUP', NULL, NULL, '2021-08-11'),
(98, '1707013009076453', '1707105212806457', 'ERNA WATI', 'MANNA', '1980-12-12', 'PEREMPUAN', 'SUNGAI GERONG', 'PETANI', 'IBU', 'HIDUP', NULL, NULL, '2021-08-11'),
(99, '1707013009076453', '1707100507968675', 'ANTON PRANATA', 'TALANG BUNUT', '1996-07-01', 'LAKI-LAKI', 'SUNGAI GERONG', 'WIRASWASTA', 'ANAK', 'HIDUP', NULL, NULL, '2021-08-11'),
(100, '1707013009076453', '1707012008009687', 'ANZIR RAHMI', 'SUNGAI GERONG', '2000-08-20', 'LAKI-LAKI', 'SUNGAI GERONG', 'BERSEKOLAH', 'ANAK', 'HIDUP', NULL, NULL, '2021-08-11'),
(101, '1707013009076453', '1707107112089586', 'LAUDIA KARINA', 'SUNGAI GERONG', '2008-12-31', 'PEREMPUAN', 'SUNGAI GERONG', 'BERSEKOLAH', 'ANAK', 'HIDUP', NULL, NULL, '2021-08-11'),
(102, '1707013009076453', '1707102812109467', 'IQBAL ARDIANSYAH', 'SUNGAI GERONG', '2010-12-28', 'LAKI-LAKI', 'SUNGAI GERONG', 'BERSEKOLAH', 'ANAK', 'HIDUP', NULL, NULL, '2021-08-11'),
(103, '1707081607197638', '1971051305916473', 'RINO SAPUTRA', 'TALANG BUNUT', '1991-05-13', 'LAKI-LAKI', 'SELEBAR JAYA', 'WIRASWASTA', 'KEPALA KELUARGA', 'HIDUP', NULL, NULL, '2021-08-12'),
(104, '1707081607197638', '1707085412918576', 'DESTI CHINTIA', 'UJUNG TANJUNG', '1991-12-14', 'PEREMPUAN', 'SELEBAR JAYA', 'WIRASWASTA', 'IBU', 'HIDUP', NULL, NULL, '2021-08-12'),
(105, '1707081607197638', '1707080809119578', 'M. DZIKRAL PURNOMO', 'LUBUK LAGAN', '2011-09-08', 'LAKI-LAKI', 'SELEBAR JAYA', 'BERSEKOLAH', 'ANAK', 'HIDUP', NULL, NULL, '2021-08-12'),
(106, '1707010110076475', '1707010126704231', 'ERLAN DERMAWAN', 'TALANG BUNUT', '1967-02-01', 'LAKI-LAKI', 'SELEBAR JAYA', 'PETANI', 'KEPALA KELUARGA', 'HIDUP', NULL, NULL, '2021-08-12'),
(107, '1707010110076475', '1707015308717564', 'SRI HARTATI', 'TALANG BUNUT', '1971-08-13', 'PEREMPUAN', 'SELEBAR JAYA', 'PETANI', 'IBU', 'HIDUP', NULL, NULL, '2021-08-12'),
(108, '1707010110076475', '1707016908042315', 'TITIN', 'TALANG BUNUT', '2004-08-20', 'PEREMPUAN', 'SELEBAR JAYA', 'BERSEKOLAH', 'ANAK', 'HIDUP', NULL, NULL, '2021-08-12'),
(109, '1707101402122891', '1707101177408574', 'ABDUL AZIZ', 'TALANG BUNUT', '1974-07-11', 'LAKI-LAKI', 'SELEBAR JAYA', 'PETANI', 'KEPALA KELUARGA', 'HIDUP', NULL, NULL, '2021-08-12'),
(110, '1707101402122891', '1707104106789857', 'WIWIDIA WATI', 'EMBONG URAM', '1978-06-01', 'PEREMPUAN', 'SELEBAR JAYA', 'PETANI', 'IBU', 'HIDUP', NULL, NULL, '2021-08-12'),
(111, '1707101402122891', '1707102411989578', 'RAVENDA ROZAL VENO', 'EMBONG URAM', '1998-11-24', 'LAKI-LAKI', 'SELEBAR JAYA', 'MAHASISWA', 'ANAK', 'HIDUP', NULL, NULL, '2021-08-12'),
(112, '1707101402122891', '1707103112037564', 'RAFLI RAVENDO', 'TALANG BUNUT', '2005-12-31', 'LAKI-LAKI', 'SELEBAR JAYA', 'BERSEKOLAH', 'ANAK', 'HIDUP', NULL, NULL, '2021-08-12'),
(113, '1707101402122891', '1707101181185674', 'RAIZEN REVATAN', 'LEBONG', '2011-08-11', 'LAKI-LAKI', 'SELEBAR JAYA', 'BERSEKOLAH', 'ANAK', 'HIDUP', NULL, NULL, '2021-08-12'),
(114, '1707012809078567', '1707100203528579', 'NASARUDIN', 'TABA SEBRANG', '1962-03-02', 'LAKI-LAKI', 'SELEBAR JAYA', 'PETANI', 'KEPALA KELUARGA', 'HIDUP', NULL, NULL, '2021-08-12'),
(115, '1707012809078567', '1707015010589857', 'NURYANA', 'LEBONG DONOK', '1958-10-10', 'PEREMPUAN', 'SELEBAR JAYA', 'PETANI', 'IBU', 'HIDUP', NULL, NULL, '2021-08-12'),
(116, '1707102211136457', '1707100107458365', 'JON PERI', 'DESA GARUT', '1968-08-10', 'LAKI-LAKI', 'SELEBAR JAYA', 'PETANI', 'KEPALA KELUARGA', 'HIDUP', NULL, NULL, '2021-08-12'),
(117, '1707102211136457', '1707104107584657', 'YULHUDA', 'EMBONG PANJANG', '1955-07-01', 'PEREMPUAN', 'SELEBAR JAYA', 'PETANI', 'IBU', 'HIDUP', NULL, NULL, '2021-08-12'),
(118, '1707100710178567', '1702093107836478', 'ADY JAYA ANGGANA', 'CURUP', '1984-07-31', 'LAKI-LAKI', 'SELEBAR JAYA', 'PNS', 'KEPALA KELUARGA', 'HIDUP', NULL, NULL, '2021-08-12'),
(119, '1707100710178567', '1702095108888576', 'NINA GUSTIANA', 'TALANG BUNUT', '1988-08-11', 'PEREMPUAN', 'SELEBAR JAYA', 'PNS', 'IBU', 'HIDUP', NULL, NULL, '2021-08-12'),
(120, '1707100710178567', '1702090112149857', 'M.ALFATAH BILHAQ', 'REJANG LEBONG', '2014-12-01', 'LAKI-LAKI', 'SELEBAR JAYA', 'BERSEKOLAH', 'ANAK', 'HIDUP', NULL, NULL, '2021-08-12'),
(121, '1707100710178567', '1707102309188475', 'M. ALKAHFI', 'REJANG LEBONG', '2018-09-23', 'LAKI-LAKI', 'SELEBAR JAYA', 'BELUM BERSEKOLAH', 'ANAK', 'HIDUP', NULL, NULL, '2021-08-12'),
(122, '1707102810137456', '1707101208838567', 'MUKSIN', 'TALANG BUNUT', '1983-08-12', 'LAKI-LAKI', 'SELEBAR JAYA', 'PETANI', 'KEPALA KELUARGA', 'HIDUP', NULL, NULL, '2021-08-12'),
(123, '1707101401131321', '1707101306504352', 'HARTEMAN MUIS', 'TALANG BUNUT', '1950-08-15', 'LAKI-LAKI', 'SELEBAR JAYA', 'PETANI', 'KEPALA KELUARGA', 'HIDUP', NULL, NULL, '2021-08-12'),
(124, '1707101401131321', '1707106007537465', 'MARDIATI', 'MUARA AMAN', '1953-07-20', 'PEREMPUAN', 'SELEBAR JAYA', 'PETANI', 'IBU', 'HIDUP', NULL, NULL, '2021-08-12'),
(125, '1707101401131321', '1707101010257465', 'IHSAN AZHARI', 'TALANG BUNUT', '1975-10-10', 'LAKI-LAKI', 'SELEBAR JAYA', 'PETANI', 'ANAK', 'HIDUP', NULL, NULL, '2021-08-12'),
(126, '1707032710146453', '1707031705838957', 'EGIT PRATAMA', 'SEMELAKO', '1993-05-22', 'LAKI-LAKI', 'SELEBAR JAYA', 'WIRASWASTA', 'KEPALA KELUARGA', 'HIDUP', NULL, NULL, '2021-08-12'),
(127, '1707032710146453', '1707125002968567', 'AYU AGUNG TINI', 'PALEMBANG', '1996-02-10', 'PEREMPUAN', 'SELEBAR JAYA', 'WIRASWASTA', 'IBU', 'HIDUP', NULL, NULL, '2021-08-12'),
(128, '1707032710146453', '1707035306147586', 'KERYN KHAIRUNISA', 'PALEMBANG', '2014-06-13', 'PEREMPUAN', 'SELEBAR JAYA', 'BERSEKOLAH', 'ANAK', 'HIDUP', NULL, NULL, '2021-08-12'),
(129, '1707032710146453', '1707032606202314', 'ALVINO CALIXTO', 'LEBONG', '2020-05-10', 'LAKI-LAKI', 'SELEBAR JAYA', 'BELUM BERSEKOLAH', 'ANAK', 'HIDUP', NULL, NULL, '2021-08-12'),
(130, '1707101302207564', '1707012412987564', 'DEYO PUTRA RAMADAN', 'TALANG BUNUT', '1998-12-24', 'LAKI-LAKI', 'SELEBAR JAYA', 'WIRASWASTA', 'KEPALA KELUARGA', 'HIDUP', NULL, NULL, '2021-08-12'),
(131, '1707101302207564', '1707035006998967', 'YUNI KARTIKA', 'TABA SEBRANG', '1999-06-10', 'PEREMPUAN', 'SELEBAR JAYA', 'MAHASISWA', 'IBU', 'HIDUP', NULL, NULL, '2021-08-12'),
(132, '1707101302207564', '1707101004205342', 'NIZAR ALFARIZI RAMADAN', 'LEBONG', '2020-05-10', 'LAKI-LAKI', 'SELEBAR JAYA', 'BELUM BERSEKOLAH', 'ANAK', 'HIDUP', NULL, NULL, '2021-08-12'),
(133, '1707100306146453', '1707103006869867', 'AMRI RAKHMATULLAH', 'LAHAT', '1986-06-30', 'LAKI-LAKI', 'SELEBAR JAYA', 'WIRASWASTA', 'KEPALA KELUARGA', 'HIDUP', NULL, NULL, '2021-08-12'),
(134, '1707100306146453', '1707105608919837', 'PINA PANDUWINATA', 'TALANG BUNUT', '1991-08-16', 'PEREMPUAN', 'SELEBAR JAYA', 'WIRASWASTA', 'IBU', 'HIDUP', NULL, NULL, '2021-08-12'),
(135, '1707100306146453', '1707100206147645', 'FARHAN ALI', 'MUARA AMAN', '2014-06-02', 'LAKI-LAKI', 'SELEBAR JAYA', 'BELUM BERSEKOLAH', 'ANAK', 'HIDUP', NULL, NULL, '2021-08-12'),
(136, '1707100306146453', '1707102708198901', 'AHMAD FAUZAN', 'LEBONG', '2019-08-27', 'LAKI-LAKI', 'SELEBAR JAYA', 'BELUM BERSEKOLAH', 'ANAK', 'HIDUP', NULL, NULL, '2021-08-12'),
(137, '1707101209164758', '1707102505767456', 'RASTONI', 'BENGKULU', '1977-05-29', 'LAKI-LAKI', 'SELEBAR JAYA', 'PETANI', 'KEPALA KELUARGA', 'HIDUP', NULL, NULL, '2021-08-12'),
(138, '1707101209164758', '1707100410277568', 'ANRI PRATAMA', 'TALANG BUNUT', '1996-06-02', 'LAKI-LAKI', 'SELEBAR JAYA', 'WIRASWASTA', 'ANAK', 'HIDUP', NULL, NULL, '2021-08-12'),
(139, '1707101209164758', '1707103107997564', 'PUTRA RETOPADO', 'BENGKULU', '1999-07-31', 'LAKI-LAKI', 'SELEBAR JAYA', 'BERSEKOLAH', 'ANAK', 'HIDUP', NULL, NULL, '2021-08-12'),
(140, '1707101209164758', '1707106204069857', 'FERA DWI RETOPA', 'BENGKULU', '2006-04-22', 'PEREMPUAN', 'SELEBAR JAYA', 'BERSEKOLAH', 'ANAK', 'HIDUP', NULL, NULL, '2021-08-12'),
(141, '17071022111204231', '1707102512758758', 'RADI MANSYAH', 'EMBONG', '1975-12-25', 'LAKI-LAKI', 'SELEBAR JAYA', 'PETANI', 'KEPALA KELUARGA', 'HIDUP', NULL, NULL, '2021-08-12'),
(142, '17071022111204231', '1707104609787658', 'MIFTAUL HUDA', 'TALANG BUNUT', '1978-09-06', 'PEREMPUAN', 'SELEBAR JAYA', 'PETANI', 'IBU', 'HIDUP', NULL, NULL, '2021-08-12'),
(143, '17071022111204231', '1707104911938576', 'MIRA NOVRIANTI', 'TALANG BUNUT', '1997-11-09', 'PEREMPUAN', 'SELEBAR JAYA', 'WIRASWASTA', 'ANAK', 'HIDUP', NULL, NULL, '2021-08-12'),
(144, '17071022111204231', '1707105510078576', 'FRISCA OCTA VIANICA', 'SELEBAR JAYA', '2007-10-15', 'PEREMPUAN', 'SELEBAR JAYA', 'BERSEKOLAH', 'ANAK', 'HIDUP', NULL, NULL, '2021-08-12'),
(145, '1707010210073454', '1707101010756472', 'DAHRUL KUTNI', 'TALANG BUNUT', '1974-10-04', 'LAKI-LAKI', 'SELEBAR JAYA', 'PETANI', 'KEPALA KELUARGA', 'HIDUP', NULL, NULL, '2021-08-12'),
(146, '1707010210073454', '1707102209101234', 'DEVRAN SYAHPUTRA', 'TALANG BUNUT', '2010-09-22', 'LAKI-LAKI', 'SELEBAR JAYA', 'BERSEKOLAH', 'ANAK', 'HIDUP', NULL, NULL, '2021-08-12'),
(147, '1707010210073454', '1707016005057453', 'HAPIPAH ZAHARA', 'TALANG BUNUT', '2002-06-24', 'PEREMPUAN', 'SELEBAR JAYA', 'BERSEKOLAH', 'ANAK', 'HIDUP', NULL, NULL, '2021-08-12'),
(148, '1707010210073454', '1707106910838745', 'ETTY HERYANTI', 'TALANG BUNUT', '1983-10-29', 'PEREMPUAN', 'SELEBAR JAYA', 'PETANI', 'IBU', 'HIDUP', NULL, NULL, '2021-08-12'),
(149, '1707010210073454', '1707011708056478', 'IRGIANSYAH', 'TALANG BUNUT', '2005-08-17', 'LAKI-LAKI', 'SELEBAR JAYA', 'BERSEKOLAH', 'ANAK', 'HIDUP', NULL, NULL, '2021-08-12'),
(150, '1707010210073454', '1707105002137465', 'UMAIROH NUR BEHAZ', 'SELEBAR JAYA', '2013-02-10', 'PEREMPUAN', 'SELEBAR JAYA', 'BERSEKOLAH', 'ANAK', 'HIDUP', NULL, NULL, '2021-08-12'),
(151, '1707013009077456', '1707101404595367', 'YUSUF AMIN', 'TALANG BUNUT', '1959-04-14', 'LAKI-LAKI', 'SELEBAR JAYA', 'PETANI', 'KEPALA KELUARGA', 'HIDUP', NULL, NULL, '2021-08-12'),
(152, '1707013009077456', '1707014107657465', 'MINARNI', 'TABA SEBRANG', '1965-07-01', 'PEREMPUAN', 'SELEBAR JAYA', 'PETANI', 'IBU', 'HIDUP', NULL, NULL, '2021-08-12'),
(153, '1707102910121234', NULL, 'ANSORI', 'CURUP', '2021-08-13', 'LAKI-LAKI', 'TALANG BUNUT', '-', 'ANAK', 'DATA LAHIR', NULL, NULL, '2021-08-23'),
(154, '4848488020202', '383811111113', 'marsidan', 'jawa', '2021-08-05', 'LAKI-LAKI', 'SELEBAR JAYA', 'WIRASWASTA', 'KEPALA KELUARGA', 'HIDUP', NULL, 'PENDATANG', '2021-08-23');

-- --------------------------------------------------------

--
-- Table structure for table `kartu_keluarga`
--

CREATE TABLE `kartu_keluarga` (
  `id` int(11) NOT NULL,
  `no_kk` varchar(16) NOT NULL,
  `no_nik` varchar(16) NOT NULL,
  `nama_kk` varchar(50) NOT NULL,
  `created_at` timestamp NOT NULL DEFAULT current_timestamp() ON UPDATE current_timestamp()
) ENGINE=InnoDB DEFAULT CHARSET=utf8mb4;

--
-- Dumping data for table `kartu_keluarga`
--

INSERT INTO `kartu_keluarga` (`id`, `no_kk`, `no_nik`, `nama_kk`, `created_at`) VALUES
(1, '1707102910121234', '1707112910121234', 'ADHI EFRIANTO', '2021-08-10 16:23:37'),
(3, '1707112212161234', '1707111907711234', 'MUNAWAR EZANI', '2021-08-10 18:51:45'),
(4, '1707011110071234', '1707112501431234', 'HARTMAN', '2021-08-10 18:52:58'),
(5, '1707102510121234', '1707111412821234', 'JAYA MANGKU ALAM', '2021-08-10 18:53:53'),
(6, '1707111910125678', '1707110303675678', 'ANSORI', '2021-08-10 19:04:44'),
(7, '1707102906165678', '1707100507730321', 'ZULAN DAHERI', '2021-08-10 19:08:41'),
(8, '1707101217168765', '1707102712878765', 'WAWAN ANRONI', '2021-08-10 19:16:35'),
(9, '1707102307133456', '1707010138803456', 'REBI SUDI', '2021-08-10 19:17:57'),
(10, '1707010110079876', '1707104705499876', 'SAYYANA', '2021-08-10 19:18:35'),
(11, '1707101106134567', '1707011104854567', 'EDUAR', '2021-08-10 19:19:13'),
(12, '1707100109201234', '1707100808411234', 'MARZUKI ', '2021-08-10 19:20:00'),
(13, '1707110167356789', '1707100107591234', 'SUDIRMAN', '2021-08-10 19:24:20'),
(14, '1707010210071234', '1707010107491234', 'RAHAMAN', '2021-08-10 19:29:09'),
(15, '1707101608132345', '1707701010782345', 'IRYANSYAH', '2021-08-10 19:29:47'),
(16, '1707101210212345', '1707100510867891', 'WAWAN SAPUTRA', '2021-08-10 19:30:31'),
(17, '1707010110074567', '1707101402652587', 'SAMSIR RAHMAT ', '2021-08-10 19:31:33'),
(18, '1707101304153456', '1707105206583647', 'RAHIMA', '2021-08-10 19:32:15'),
(19, '1707010205146478', '1707011212798484', 'ANSORI', '2021-08-10 19:32:57'),
(20, '1707101403120647', '1707100908748594', 'SAPUAN MUJAIL', '2021-08-10 19:34:07'),
(21, '1707100510174567', '1707104108764567', 'EKA LISTIVA', '2021-08-11 16:36:55'),
(22, '1707100011906789', '1707091910901234', 'RIO AGUS PRATAMA', '2021-08-11 16:38:15'),
(23, '1707010210076578', '1707100811596574', 'ZAKARIA', '2021-08-11 16:39:16'),
(24, '1707103006147689', '1707100107605376', 'MUKTI', '2021-08-11 16:39:49'),
(25, '1707013009073254', '1707101808678698', 'ZAHIRUL LANI', '2021-08-11 16:40:26'),
(26, '1707010110076486', '1707010107634267', 'KENEDI', '2021-08-11 16:41:06'),
(27, '1707012809077689', '1707010107573286', 'RABIIN', '2021-08-11 16:41:47'),
(28, '1707101308156476', '1707010108946578', 'ADEKO EDO', '2021-08-11 16:42:27'),
(29, '1707010540077567', '1707010801674352', 'M.HUDA', '2021-08-11 16:43:09'),
(30, '1707110903128795', '1707110403854352', 'HADI RIANTO', '2021-08-11 16:43:48'),
(31, '1707031711167567', '1707102111944356', 'NOVE UMAMI', '2021-08-11 16:44:33'),
(32, '1707013009072345', '1707102308728675', 'FAHROZI', '2021-08-11 16:45:14'),
(33, '1707100104178678', '1707101707882435', 'ANDIKA DEFRENDIS', '2021-08-11 16:45:53'),
(34, '1707013009076453', '1707012508688675', 'BARDIN', '2021-08-11 16:46:48'),
(35, '1707081607197638', '1971051305916473', 'RINO SAPUTRA', '2021-08-12 20:12:38'),
(36, '1707010110076475', '1707010126704231', 'ERLAN DERMAWAN', '2021-08-12 20:13:28'),
(37, '1707101402122891', '1707101177408574', 'ABDUL AZIZ', '2021-08-12 20:14:15'),
(38, '1707012809078567', '1707100203528579', 'NASARUDIN', '2021-08-12 20:14:58'),
(39, '1707102211136457', '1707100107458365', 'JON PERI', '2021-08-12 20:15:47'),
(40, '1707100710178567', '1702093107836478', 'ADY JAYA ANGGANA', '2021-08-12 20:16:41'),
(41, '1707102810137456', '1707101208838567', 'MUKSIN', '2021-08-12 20:17:54'),
(42, '1707101401131321', '1707101306504352', 'HARTEMAN MUIS', '2021-08-12 20:18:33'),
(43, '1707032710146453', '1707031705838957', 'EGIT PRATAMA', '2021-08-12 20:19:18'),
(44, '1707101302207564', '1707012412987564', 'DEYO PUTRA RAMADAN', '2021-08-12 20:20:02'),
(45, '1707100306146453', '1707103006869867', 'AMRI RAKHMATULLAH', '2021-08-12 20:20:44'),
(46, '1707101209164758', '1707102505767456', 'RASTONI', '2021-08-12 20:21:27'),
(47, '1707102211120423', '1707102512758758', 'RADI MANSYAH', '2021-08-12 20:22:28'),
(48, '1707010210073454', '1707101010756472', 'DAHRUL KUTNI', '2021-08-12 20:23:11'),
(49, '1707013009077456', '1707101404595367', 'YUSUF AMIN', '2021-08-12 20:23:50');

-- --------------------------------------------------------

--
-- Table structure for table `status`
--

CREATE TABLE `status` (
  `pekerjaan` varchar(20) NOT NULL,
  `status` varchar(20) NOT NULL
) ENGINE=InnoDB DEFAULT CHARSET=utf8mb4;

--
-- Dumping data for table `status`
--

INSERT INTO `status` (`pekerjaan`, `status`) VALUES
('GURU', 'CUKUP'),
('PETANI', 'CUKUP'),
('MAHASISWA', 'BELUM BEKERJA'),
('KARYAWAN SWASTA', 'CUKUP'),
('BERSEKOLAH', 'BELUM BEKERJA'),
('WIRASWASTA', 'CUKUP'),
('PNS', 'SANGGAT CUKUP'),
('KARYAWAN TETAP', 'CUKUP'),
('BELUM BERSEKOLAH', '-'),
('IRT', 'IBU RUMAH TANGGA'),
('-', '-');

-- --------------------------------------------------------

--
-- Table structure for table `userapp`
--

CREATE TABLE `userapp` (
  `id` int(11) NOT NULL,
  `nama` varchar(50) NOT NULL,
  `email` varchar(50) NOT NULL,
  `alamat` varchar(50) NOT NULL,
  `foto` varchar(50) NOT NULL,
  `roles` int(11) NOT NULL,
  `password` varchar(225) NOT NULL
) ENGINE=InnoDB DEFAULT CHARSET=utf8mb4;

--
-- Dumping data for table `userapp`
--

INSERT INTO `userapp` (`id`, `nama`, `email`, `alamat`, `foto`, `roles`, `password`) VALUES
(1, 'risko', 'risko@gmail.com', 'lebong', 'person_9.jpg', 0, '$2y$10$0vpkcMAWWe/GXFpS32qkIOymOCpU9mCVLJwKy7RLOlIkFhJqXltBu');

--
-- Indexes for dumped tables
--

--
-- Indexes for table `data_penduduk`
--
ALTER TABLE `data_penduduk`
  ADD PRIMARY KEY (`id`);

--
-- Indexes for table `kartu_keluarga`
--
ALTER TABLE `kartu_keluarga`
  ADD PRIMARY KEY (`id`);

--
-- Indexes for table `userapp`
--
ALTER TABLE `userapp`
  ADD PRIMARY KEY (`id`);

--
-- AUTO_INCREMENT for dumped tables
--

--
-- AUTO_INCREMENT for table `data_penduduk`
--
ALTER TABLE `data_penduduk`
  MODIFY `id` int(11) NOT NULL AUTO_INCREMENT, AUTO_INCREMENT=155;

--
-- AUTO_INCREMENT for table `kartu_keluarga`
--
ALTER TABLE `kartu_keluarga`
  MODIFY `id` int(11) NOT NULL AUTO_INCREMENT, AUTO_INCREMENT=50;

--
-- AUTO_INCREMENT for table `userapp`
--
ALTER TABLE `userapp`
  MODIFY `id` int(11) NOT NULL AUTO_INCREMENT, AUTO_INCREMENT=2;
COMMIT;

/*!40101 SET CHARACTER_SET_CLIENT=@OLD_CHARACTER_SET_CLIENT */;
/*!40101 SET CHARACTER_SET_RESULTS=@OLD_CHARACTER_SET_RESULTS */;
/*!40101 SET COLLATION_CONNECTION=@OLD_COLLATION_CONNECTION */;
